Time (s),# Nodes,LB,UB,Rel. Gap,Abs. Gap,best_LB_ever,best_UB_ever,LB_in_split,UB_in_split,UB_status,cs_status_choosen,cs_status_all,cs_fallback
0.706,32,-357.168751540,-306.239522941,16.6305211%,50.92923,-357.168751540,-306.239522941,N/A,N/A,N/A,0/5,none,none
1.541,32,-357.168751540,-356.930406290,0.0667764%,0.23835,-357.168751540,-356.930406290,OUTSIDE,INSIDE,ok_not_best,0/5,0/5; 0/5; 0/5; 0/5; 0/5; 0/5,none
23.063,33,-357.187530113,-356.930406291,0.0720375%,0.25712,-357.168751540,-356.930406291,INSIDE,INSIDE,ok_not_best,0/5,0/5; 0/5; 0/5; 0/5; 0/5; 0/5,none
34.762,34,-357.189636656,-356.930406291,0.0726277%,0.25923,-357.168751540,-356.930406291,INSIDE,INSIDE,ok_not_best,0/5,0/5; 0/5; 0/5; 0/5; 0/5; 0/5,none
46.791,35,-357.189636656,-356.930406291,0.0726277%,0.25923,-357.168751540,-356.930406291,INSIDE,INSIDE,ok_not_best,0/5,0/5; 0/5; 0/5; 0/5; 0/5; 0/5,none
