Time (s),# Nodes,LB,UB,Rel. Gap,Abs. Gap,best_LB_ever,best_UB_ever,LB_in_split,UB_in_split,UB_status,cs_status_choosen,cs_status_all,cs_fallback
23.318,32,-4211.354751095,-4203.647374732,0.1833497%,7.70738,-4211.354751095,-4203.647374732,N/A,N/A,N/A,0/100,none,none
55.194,32,-4211.354751095,-4205.412684855,0.1412957%,5.94207,-4211.354751095,-4205.412684855,OUTSIDE,INSIDE,ok_not_best,0/100,0/100; 0/100,none
1983.140,33,-4205.876218426,-4205.412684855,0.0110223%,0.46353,-4205.876218426,-4205.412684855,OUTSIDE,INSIDE,ok_not_best,0/100,0/100; 0/100,none
2062.174,34,-4205.636167462,-4205.627972518,0.0001949%,0.00819,-4205.636167462,-4205.627972518,OUTSIDE,INSIDE,ok_not_best,0/100,0/100; 0/100,none