Time (s),# Nodes,LB,UB,Rel. Gap,Abs. Gap,best_LB_ever,best_UB_ever,LB_in_split,UB_in_split,UB_status,cs_status_choosen,cs_status_all,cs_fallback
0.247,8,117.227603847,35778.660414281,99.6723533%,35661.43281,117.227603847,35778.660414281,N/A,N/A,N/A,0/5,none,none
0.534,8,117.227603847,3316.370888248,96.4651841%,3199.14328,117.227603847,3316.370888248,OUTSIDE,INSIDE,ok_not_best,0/5,0/5; 0/5; 0/5,none
3.089,9,1360.557626666,3316.370888248,58.9745034%,1955.81326,1360.557626666,3316.370888248,OUTSIDE,OUTSIDE,ok_not_best,0/5,0/5; 0/5; 0/5,none
4.644,10,1406.928724583,3316.370888248,57.5762551%,1909.44216,1406.928724583,3316.370888248,OUTSIDE,INSIDE,ok_not_best,0/5,0/5; 0/5; 0/5,none
6.150,11,1502.908822640,3316.370888248,54.6821247%,1813.46207,1502.908822640,3316.370888248,OUTSIDE,OUTSIDE,ok_not_best,0/5,0/5; 0/5; 0/5,none
7.627,12,1563.173034379,3316.370888248,52.8649513%,1753.19785,1563.173034379,3316.370888248,OUTSIDE,INSIDE,ok_not_best,0/5,0/5; 0/5; 0/5,none
9.162,13,1581.071624587,3316.370888248,52.3252471%,1735.29926,1581.071624587,3316.370888248,OUTSIDE,OUTSIDE,ok_not_best,0/5,0/5; 0/5; 0/5,none
